venda_id,data_venda,produto,categoria,canal,quantidade,preco_unitario,status,atualizado_em
V000001,2026-01-01,Caderno,Papelaria,Site,3,24.90,concluida,2026-01-01 10:00:00
V000002,2026-01-02,Luminaria,Casa,Marketplace,1,89.90,concluida,2026-01-02 10:00:00
V000003,2026-01-03,Caderno,Papelaria,Marketplace,4,24.90,cancelada,2026-01-03 10:00:00
V000004,2026-01-04,Caderno,Papelaria,Site,2,24.90,concluida,2026-01-04 10:00:00
V000005,2026-01-05,Caderno,Papelaria,Marketplace,2,24.90,concluida,2026-01-05 10:00:00
V000006,2026-01-06,Garrafa,Casa,Site,4,49.90,concluida,2026-01-06 10:00:00
V000007,2026-01-07,Caderno,Papelaria,Site,4,24.90,concluida,2026-01-07 10:00:00
V000008,2026-01-08,Luminaria,Casa,Site,3,89.90,cancelada,2026-01-08 10:00:00
V000009,2026-01-09,Garrafa,Casa,Site,3,49.90,concluida,2026-01-09 10:00:00
V000010,2026-01-10,Fone,Tecnologia,Site,4,159.90,concluida,2026-01-10 10:00:00
V000011,2026-01-11,Garrafa,Casa,Site,5,49.90,concluida,2026-01-11 10:00:00
V000012,2026-01-12,Fone,Tecnologia,Marketplace,2,159.90,concluida,2026-01-12 10:00:00
V000013,2026-01-13,Caderno,Papelaria,Marketplace,2,24.90,concluida,2026-01-13 10:00:00
V000014,2026-01-14,Caderno,Papelaria,Site,1,24.90,concluida,2026-01-14 10:00:00
V000015,2026-01-15,Garrafa,Casa,Marketplace,3,49.90,concluida,2026-01-15 10:00:00
V000016,2026-01-16,Fone,Tecnologia,Site,3,159.90,concluida,2026-01-16 10:00:00
V000017,2026-01-17,Caderno,Papelaria,Marketplace,2,24.90,concluida,2026-01-17 10:00:00
V000018,2026-01-18,Luminaria,Casa,Site,4,89.90,concluida,2026-01-18 10:00:00
V000019,2026-01-19,Luminaria,Casa,Marketplace,3,89.90,concluida,2026-01-19 10:00:00
V000020,2026-01-20,Caderno,Papelaria,Site,1,24.90,concluida,2026-01-20 10:00:00
V000021,2026-01-21,Garrafa,Casa,Aplicativo,1,49.90,concluida,2026-01-21 10:00:00
V000022,2026-01-22,Fone,Tecnologia,Site,4,159.90,concluida,2026-01-22 10:00:00
V000023,2026-01-23,Garrafa,Casa,Site,3,49.90,concluida,2026-01-23 10:00:00
V000024,2026-01-24,Fone,Tecnologia,Marketplace,5,159.90,concluida,2026-01-24 10:00:00
V000025,2026-01-25,Garrafa,Casa,Aplicativo,2,49.90,concluida,2026-01-25 10:00:00
V000026,2026-01-26,Luminaria,Casa,Marketplace,4,89.90,cancelada,2026-01-26 10:00:00
V000027,2026-01-27,Caderno,Papelaria,Site,2,24.90,concluida,2026-01-27 10:00:00
V000028,2026-01-28,Garrafa,Casa,Marketplace,1,49.90,concluida,2026-01-28 10:00:00
V000029,2026-01-29,Garrafa,Casa,Marketplace,3,49.90,concluida,2026-01-29 10:00:00
V000030,2026-01-30,Caderno,Papelaria,Marketplace,1,24.90,concluida,2026-01-30 10:00:00
V000031,2026-01-31,Fone,Tecnologia,Marketplace,3,159.90,cancelada,2026-01-31 10:00:00
V000032,2026-02-01,Garrafa,Casa,Site,4,49.90,cancelada,2026-02-01 10:00:00
V000033,2026-02-02,Fone,Tecnologia,Marketplace,2,159.90,concluida,2026-02-02 10:00:00
V000034,2026-02-03,Caderno,Papelaria,Marketplace,3,24.90,concluida,2026-02-03 10:00:00
V000035,2026-02-04,Luminaria,Casa,Site,3,89.90,concluida,2026-02-04 10:00:00
V000036,2026-02-05,Caderno,Papelaria,Marketplace,3,24.90,concluida,2026-02-05 10:00:00
V000037,2026-02-06,Caderno,Papelaria,Aplicativo,3,24.90,concluida,2026-02-06 10:00:00
V000038,2026-02-07,Luminaria,Casa,Marketplace,1,89.90,cancelada,2026-02-07 10:00:00
V000039,2026-02-08,Garrafa,Casa,Site,5,49.90,concluida,2026-02-08 10:00:00
V000040,2026-02-09,Luminaria,Casa,Marketplace,4,89.90,concluida,2026-02-09 10:00:00
V000041,2026-02-10,Luminaria,Casa,Aplicativo,5,89.90,concluida,2026-02-10 10:00:00
V000042,2026-02-11,Garrafa,Casa,Site,5,49.90,concluida,2026-02-11 10:00:00
V000043,2026-02-12,Luminaria,Casa,Marketplace,3,89.90,concluida,2026-02-12 10:00:00
V000044,2026-02-13,Fone,Tecnologia,Aplicativo,5,159.90,concluida,2026-02-13 10:00:00
V000045,2026-02-14,Luminaria,Casa,Site,1,89.90,concluida,2026-02-14 10:00:00
V000046,2026-02-15,Luminaria,Casa,Marketplace,2,89.90,cancelada,2026-02-15 10:00:00
V000047,2026-02-16,Caderno,Papelaria,Site,1,24.90,concluida,2026-02-16 10:00:00
V000048,2026-02-17,Fone,Tecnologia,Site,5,159.90,concluida,2026-02-17 10:00:00
V000049,2026-02-18,Garrafa,Casa,Site,5,49.90,concluida,2026-02-18 10:00:00
V000050,2026-02-19,Garrafa,Casa,Site,4,49.90,concluida,2026-02-19 10:00:00
V000051,2026-02-20,Luminaria,Casa,Site,1,89.90,concluida,2026-02-20 10:00:00
V000052,2026-02-21,Fone,Tecnologia,Aplicativo,4,159.90,concluida,2026-02-21 10:00:00
V000053,2026-02-22,Caderno,Papelaria,Marketplace,1,24.90,cancelada,2026-02-22 10:00:00
V000054,2026-02-23,Fone,Tecnologia,Site,2,159.90,concluida,2026-02-23 10:00:00
V000055,2026-02-24,Garrafa,Casa,Site,4,49.90,concluida,2026-02-24 10:00:00
V000056,2026-02-25,Garrafa,Casa,Site,1,49.90,concluida,2026-02-25 10:00:00
V000057,2026-02-26,Caderno,Papelaria,Site,5,24.90,concluida,2026-02-26 10:00:00
V000058,2026-02-27,Caderno,Papelaria,Site,2,24.90,concluida,2026-02-27 10:00:00
V000059,2026-02-28,Garrafa,Casa,Site,4,49.90,concluida,2026-02-28 10:00:00
V000060,2026-03-01,Luminaria,Casa,Aplicativo,1,89.90,concluida,2026-03-01 10:00:00
V000061,2026-03-02,Fone,Tecnologia,Aplicativo,3,159.90,concluida,2026-03-02 10:00:00
V000062,2026-03-03,Garrafa,Casa,Site,2,49.90,concluida,2026-03-03 10:00:00
V000063,2026-03-04,Caderno,Papelaria,Marketplace,5,24.90,cancelada,2026-03-04 10:00:00
V000064,2026-03-05,Fone,Tecnologia,Site,1,159.90,concluida,2026-03-05 10:00:00
V000065,2026-03-06,Luminaria,Casa,Site,5,89.90,cancelada,2026-03-06 10:00:00
V000066,2026-03-07,Luminaria,Casa,Site,5,89.90,cancelada,2026-03-07 10:00:00
V000067,2026-03-08,Luminaria,Casa,Aplicativo,1,89.90,concluida,2026-03-08 10:00:00
V000068,2026-03-09,Luminaria,Casa,Marketplace,5,89.90,cancelada,2026-03-09 10:00:00
V000069,2026-03-10,Caderno,Papelaria,Aplicativo,5,24.90,concluida,2026-03-10 10:00:00
V000070,2026-03-11,Fone,Tecnologia,Aplicativo,2,159.90,concluida,2026-03-11 10:00:00
V000071,2026-03-12,Fone,Tecnologia,Site,3,159.90,concluida,2026-03-12 10:00:00
V000072,2026-03-13,Fone,Tecnologia,Aplicativo,3,159.90,concluida,2026-03-13 10:00:00
V000073,2026-03-14,Caderno,Papelaria,Site,4,24.90,concluida,2026-03-14 10:00:00
V000074,2026-03-15,Caderno,Papelaria,Site,5,24.90,concluida,2026-03-15 10:00:00
V000075,2026-03-16,Fone,Tecnologia,Site,3,159.90,concluida,2026-03-16 10:00:00
V000076,2026-03-17,Luminaria,Casa,Aplicativo,3,89.90,concluida,2026-03-17 10:00:00
V000077,2026-03-18,Fone,Tecnologia,Marketplace,5,159.90,cancelada,2026-03-18 10:00:00
V000078,2026-03-19,Fone,Tecnologia,Marketplace,1,159.90,concluida,2026-03-19 10:00:00
V000079,2026-03-20,Luminaria,Casa,Aplicativo,1,89.90,concluida,2026-03-20 10:00:00
V000080,2026-03-21,Luminaria,Casa,Aplicativo,3,89.90,concluida,2026-03-21 10:00:00
V000081,2026-03-22,Fone,Tecnologia,Site,3,159.90,concluida,2026-03-22 10:00:00
V000082,2026-03-23,Fone,Tecnologia,Site,1,159.90,concluida,2026-03-23 10:00:00
V000083,2026-03-24,Fone,Tecnologia,Site,1,159.90,concluida,2026-03-24 10:00:00
V000084,2026-03-25,Luminaria,Casa,Marketplace,3,89.90,concluida,2026-03-25 10:00:00
V000085,2026-03-26,Garrafa,Casa,Marketplace,4,49.90,concluida,2026-03-26 10:00:00
V000086,2026-03-27,Caderno,Papelaria,Site,2,24.90,concluida,2026-03-27 10:00:00
V000087,2026-03-28,Fone,Tecnologia,Marketplace,5,159.90,concluida,2026-03-28 10:00:00
V000088,2026-03-29,Luminaria,Casa,Site,3,89.90,concluida,2026-03-29 10:00:00
V000089,2026-03-30,Caderno,Papelaria,Aplicativo,2,24.90,concluida,2026-03-30 10:00:00
V000090,2026-03-31,Caderno,Papelaria,Aplicativo,5,24.90,concluida,2026-03-31 10:00:00
V000091,2026-01-01,Garrafa,Casa,Marketplace,2,49.90,concluida,2026-01-01 10:00:00
V000092,2026-01-02,Luminaria,Casa,Site,2,89.90,concluida,2026-01-02 10:00:00
V000093,2026-01-03,Caderno,Papelaria,Site,3,24.90,concluida,2026-01-03 10:00:00
V000094,2026-01-04,Garrafa,Casa,Marketplace,2,49.90,concluida,2026-01-04 10:00:00
V000095,2026-01-05,Caderno,Papelaria,Aplicativo,1,24.90,concluida,2026-01-05 10:00:00
V000096,2026-01-06,Luminaria,Casa,Site,4,89.90,concluida,2026-01-06 10:00:00
V000097,2026-01-07,Luminaria,Casa,Site,1,89.90,concluida,2026-01-07 10:00:00
V000098,2026-01-08,Garrafa,Casa,Aplicativo,3,49.90,concluida,2026-01-08 10:00:00
V000099,2026-01-09,Fone,Tecnologia,Aplicativo,5,159.90,concluida,2026-01-09 10:00:00
V000100,2026-01-10,Fone,Tecnologia,Site,1,159.90,concluida,2026-01-10 10:00:00
V000101,2026-01-11,Fone,Tecnologia,Site,5,159.90,concluida,2026-01-11 10:00:00
V000102,2026-01-12,Fone,Tecnologia,Site,1,159.90,concluida,2026-01-12 10:00:00
V000103,2026-01-13,Fone,Tecnologia,Marketplace,3,159.90,concluida,2026-01-13 10:00:00
V000104,2026-01-14,Caderno,Papelaria,Aplicativo,5,24.90,concluida,2026-01-14 10:00:00
V000105,2026-01-15,Caderno,Papelaria,Marketplace,4,24.90,cancelada,2026-01-15 10:00:00
V000106,2026-01-16,Luminaria,Casa,Aplicativo,4,89.90,cancelada,2026-01-16 10:00:00
V000107,2026-01-17,Fone,Tecnologia,Marketplace,3,159.90,concluida,2026-01-17 10:00:00
V000108,2026-01-18,Caderno,Papelaria,Marketplace,3,24.90,concluida,2026-01-18 10:00:00
V000109,2026-01-19,Garrafa,Casa,Aplicativo,4,49.90,concluida,2026-01-19 10:00:00
V000110,2026-01-20,Luminaria,Casa,Site,4,89.90,concluida,2026-01-20 10:00:00
V000111,2026-01-21,Garrafa,Casa,Marketplace,2,49.90,concluida,2026-01-21 10:00:00
V000112,2026-01-22,Fone,Tecnologia,Aplicativo,5,159.90,concluida,2026-01-22 10:00:00
V000113,2026-01-23,Fone,Tecnologia,Aplicativo,2,159.90,concluida,2026-01-23 10:00:00
V000114,2026-01-24,Fone,Tecnologia,Aplicativo,4,159.90,concluida,2026-01-24 10:00:00
V000115,2026-01-25,Luminaria,Casa,Marketplace,4,89.90,concluida,2026-01-25 10:00:00
V000116,2026-01-26,Luminaria,Casa,Marketplace,1,89.90,concluida,2026-01-26 10:00:00
V000117,2026-01-27,Fone,Tecnologia,Site,2,159.90,concluida,2026-01-27 10:00:00
V000118,2026-01-28,Luminaria,Casa,Site,2,89.90,cancelada,2026-01-28 10:00:00
V000119,2026-01-29,Luminaria,Casa,Aplicativo,5,89.90,concluida,2026-01-29 10:00:00
V000120,2026-01-30,Caderno,Papelaria,Aplicativo,4,24.90,concluida,2026-01-30 10:00:00
V000121,2026-01-31,Luminaria,Casa,Marketplace,4,89.90,concluida,2026-01-31 10:00:00
V000122,2026-02-01,Luminaria,Casa,Site,1,89.90,concluida,2026-02-01 10:00:00
V000123,2026-02-02,Caderno,Papelaria,Aplicativo,2,24.90,concluida,2026-02-02 10:00:00
V000124,2026-02-03,Garrafa,Casa,Site,5,49.90,concluida,2026-02-03 10:00:00
V000125,2026-02-04,Caderno,Papelaria,Aplicativo,2,24.90,concluida,2026-02-04 10:00:00
V000126,2026-02-05,Fone,Tecnologia,Aplicativo,5,159.90,concluida,2026-02-05 10:00:00
V000127,2026-02-06,Garrafa,Casa,Marketplace,4,49.90,concluida,2026-02-06 10:00:00
V000128,2026-02-07,Garrafa,Casa,Aplicativo,3,49.90,concluida,2026-02-07 10:00:00
V000129,2026-02-08,Fone,Tecnologia,Marketplace,4,159.90,concluida,2026-02-08 10:00:00
V000130,2026-02-09,Fone,Tecnologia,Aplicativo,1,159.90,concluida,2026-02-09 10:00:00
V000131,2026-02-10,Luminaria,Casa,Aplicativo,3,89.90,concluida,2026-02-10 10:00:00
V000132,2026-02-11,Caderno,Papelaria,Site,2,24.90,concluida,2026-02-11 10:00:00
V000133,2026-02-12,Luminaria,Casa,Marketplace,2,89.90,cancelada,2026-02-12 10:00:00
V000134,2026-02-13,Garrafa,Casa,Aplicativo,5,49.90,concluida,2026-02-13 10:00:00
V000135,2026-02-14,Caderno,Papelaria,Site,4,24.90,concluida,2026-02-14 10:00:00
V000136,2026-02-15,Caderno,Papelaria,Marketplace,4,24.90,concluida,2026-02-15 10:00:00
V000137,2026-02-16,Fone,Tecnologia,Aplicativo,4,159.90,concluida,2026-02-16 10:00:00
V000138,2026-02-17,Garrafa,Casa,Marketplace,5,49.90,concluida,2026-02-17 10:00:00
V000139,2026-02-18,Luminaria,Casa,Aplicativo,2,89.90,concluida,2026-02-18 10:00:00
V000140,2026-02-19,Garrafa,Casa,Site,4,49.90,concluida,2026-02-19 10:00:00
V000141,2026-02-20,Garrafa,Casa,Marketplace,2,49.90,concluida,2026-02-20 10:00:00
V000142,2026-02-21,Luminaria,Casa,Marketplace,5,89.90,cancelada,2026-02-21 10:00:00
V000143,2026-02-22,Garrafa,Casa,Marketplace,5,49.90,concluida,2026-02-22 10:00:00
V000144,2026-02-23,Caderno,Papelaria,Marketplace,4,24.90,concluida,2026-02-23 10:00:00
V000145,2026-02-24,Garrafa,Casa,Site,1,49.90,concluida,2026-02-24 10:00:00
V000146,2026-02-25,Fone,Tecnologia,Site,4,159.90,concluida,2026-02-25 10:00:00
V000147,2026-02-26,Garrafa,Casa,Aplicativo,4,49.90,concluida,2026-02-26 10:00:00
V000148,2026-02-27,Caderno,Papelaria,Aplicativo,1,24.90,concluida,2026-02-27 10:00:00
V000149,2026-02-28,Caderno,Papelaria,Aplicativo,2,24.90,concluida,2026-02-28 10:00:00
V000150,2026-03-01,Caderno,Papelaria,Site,2,24.90,concluida,2026-03-01 10:00:00
V000151,2026-03-02,Caderno,Papelaria,Marketplace,2,24.90,concluida,2026-03-02 10:00:00
V000152,2026-03-03,Garrafa,Casa,Marketplace,1,49.90,concluida,2026-03-03 10:00:00
V000153,2026-03-04,Luminaria,Casa,Aplicativo,3,89.90,concluida,2026-03-04 10:00:00
V000154,2026-03-05,Luminaria,Casa,Marketplace,5,89.90,concluida,2026-03-05 10:00:00
V000155,2026-03-06,Caderno,Papelaria,Site,3,24.90,cancelada,2026-03-06 10:00:00
V000156,2026-03-07,Caderno,Papelaria,Aplicativo,5,24.90,concluida,2026-03-07 10:00:00
V000157,2026-03-08,Garrafa,Casa,Aplicativo,2,49.90,cancelada,2026-03-08 10:00:00
V000158,2026-03-09,Luminaria,Casa,Site,3,89.90,concluida,2026-03-09 10:00:00
V000159,2026-03-10,Caderno,Papelaria,Marketplace,1,24.90,concluida,2026-03-10 10:00:00
V000160,2026-03-11,Garrafa,Casa,Marketplace,3,49.90,cancelada,2026-03-11 10:00:00
V000161,2026-03-12,Fone,Tecnologia,Site,4,159.90,concluida,2026-03-12 10:00:00
V000162,2026-03-13,Caderno,Papelaria,Aplicativo,3,24.90,concluida,2026-03-13 10:00:00
V000163,2026-03-14,Garrafa,Casa,Marketplace,2,49.90,concluida,2026-03-14 10:00:00
V000164,2026-03-15,Fone,Tecnologia,Marketplace,5,159.90,concluida,2026-03-15 10:00:00
V000165,2026-03-16,Garrafa,Casa,Aplicativo,5,49.90,concluida,2026-03-16 10:00:00
V000166,2026-03-17,Luminaria,Casa,Site,3,89.90,concluida,2026-03-17 10:00:00
V000167,2026-03-18,Luminaria,Casa,Aplicativo,5,89.90,concluida,2026-03-18 10:00:00
V000168,2026-03-19,Garrafa,Casa,Aplicativo,1,49.90,concluida,2026-03-19 10:00:00
V000169,2026-03-20,Fone,Tecnologia,Site,4,159.90,concluida,2026-03-20 10:00:00
V000170,2026-03-21,Fone,Tecnologia,Aplicativo,3,159.90,concluida,2026-03-21 10:00:00
V000171,2026-03-22,Fone,Tecnologia,Marketplace,1,159.90,concluida,2026-03-22 10:00:00
V000172,2026-03-23,Luminaria,Casa,Site,2,89.90,concluida,2026-03-23 10:00:00
V000173,2026-03-24,Garrafa,Casa,Marketplace,2,49.90,concluida,2026-03-24 10:00:00
V000174,2026-03-25,Garrafa,Casa,Aplicativo,1,49.90,cancelada,2026-03-25 10:00:00
V000175,2026-03-26,Luminaria,Casa,Aplicativo,2,89.90,concluida,2026-03-26 10:00:00
V000176,2026-03-27,Fone,Tecnologia,Aplicativo,5,159.90,concluida,2026-03-27 10:00:00
V000177,2026-03-28,Garrafa,Casa,Marketplace,5,49.90,concluida,2026-03-28 10:00:00
V000178,2026-03-29,Garrafa,Casa,Aplicativo,3,49.90,concluida,2026-03-29 10:00:00
V000179,2026-03-30,Caderno,Papelaria,Marketplace,2,24.90,concluida,2026-03-30 10:00:00
V000180,2026-03-31,Luminaria,Casa,Site,2,89.90,concluida,2026-03-31 10:00:00
V000181,2026-01-01,Fone,Tecnologia,Marketplace,5,159.90,concluida,2026-01-01 10:00:00
V000182,2026-01-02,Fone,Tecnologia,Site,2,159.90,concluida,2026-01-02 10:00:00
V000183,2026-01-03,Fone,Tecnologia,Site,3,159.90,cancelada,2026-01-03 10:00:00
V000184,2026-01-04,Luminaria,Casa,Aplicativo,1,89.90,concluida,2026-01-04 10:00:00
V000185,2026-01-05,Fone,Tecnologia,Marketplace,2,159.90,concluida,2026-01-05 10:00:00
V000186,2026-01-06,Garrafa,Casa,Site,1,49.90,concluida,2026-01-06 10:00:00
V000187,2026-01-07,Garrafa,Casa,Aplicativo,4,49.90,concluida,2026-01-07 10:00:00
V000188,2026-01-08,Caderno,Papelaria,Aplicativo,4,24.90,cancelada,2026-01-08 10:00:00
V000189,2026-01-09,Caderno,Papelaria,Aplicativo,4,24.90,cancelada,2026-01-09 10:00:00
V000190,2026-01-10,Caderno,Papelaria,Site,2,24.90,concluida,2026-01-10 10:00:00
V000191,2026-01-11,Fone,Tecnologia,Site,2,159.90,cancelada,2026-01-11 10:00:00
V000192,2026-01-12,Garrafa,Casa,Marketplace,5,49.90,concluida,2026-01-12 10:00:00
V000193,2026-01-13,Luminaria,Casa,Marketplace,4,89.90,concluida,2026-01-13 10:00:00
V000194,2026-01-14,Garrafa,Casa,Aplicativo,5,49.90,concluida,2026-01-14 10:00:00
V000195,2026-01-15,Fone,Tecnologia,Marketplace,5,159.90,cancelada,2026-01-15 10:00:00
V000196,2026-01-16,Caderno,Papelaria,Site,2,24.90,concluida,2026-01-16 10:00:00
V000197,2026-01-17,Caderno,Papelaria,Site,2,24.90,concluida,2026-01-17 10:00:00
V000198,2026-01-18,Caderno,Papelaria,Site,1,24.90,concluida,2026-01-18 10:00:00
V000199,2026-01-19,Garrafa,Casa,Aplicativo,1,49.90,concluida,2026-01-19 10:00:00
V000200,2026-01-20,Fone,Tecnologia,Marketplace,4,159.90,cancelada,2026-01-20 10:00:00
V000201,2026-01-21,Luminaria,Casa,Aplicativo,5,89.90,concluida,2026-01-21 10:00:00
V000202,2026-01-22,Luminaria,Casa,Aplicativo,1,89.90,concluida,2026-01-22 10:00:00
V000203,2026-01-23,Luminaria,Casa,Aplicativo,2,89.90,cancelada,2026-01-23 10:00:00
V000204,2026-01-24,Luminaria,Casa,Aplicativo,5,89.90,concluida,2026-01-24 10:00:00
V000205,2026-01-25,Fone,Tecnologia,Aplicativo,1,159.90,concluida,2026-01-25 10:00:00
V000206,2026-01-26,Fone,Tecnologia,Marketplace,4,159.90,concluida,2026-01-26 10:00:00
V000207,2026-01-27,Garrafa,Casa,Aplicativo,1,49.90,concluida,2026-01-27 10:00:00
V000208,2026-01-28,Garrafa,Casa,Marketplace,3,49.90,concluida,2026-01-28 10:00:00
V000209,2026-01-29,Caderno,Papelaria,Site,2,24.90,concluida,2026-01-29 10:00:00
V000210,2026-01-30,Caderno,Papelaria,Marketplace,3,24.90,concluida,2026-01-30 10:00:00
V000211,2026-01-31,Luminaria,Casa,Aplicativo,5,89.90,concluida,2026-01-31 10:00:00
V000212,2026-02-01,Fone,Tecnologia,Site,5,159.90,concluida,2026-02-01 10:00:00
V000213,2026-02-02,Garrafa,Casa,Site,4,49.90,concluida,2026-02-02 10:00:00
V000214,2026-02-03,Fone,Tecnologia,Aplicativo,1,159.90,concluida,2026-02-03 10:00:00
V000215,2026-02-04,Fone,Tecnologia,Aplicativo,4,159.90,concluida,2026-02-04 10:00:00
V000216,2026-02-05,Garrafa,Casa,Marketplace,1,49.90,concluida,2026-02-05 10:00:00
V000217,2026-02-06,Fone,Tecnologia,Aplicativo,3,159.90,cancelada,2026-02-06 10:00:00
V000218,2026-02-07,Garrafa,Casa,Marketplace,1,49.90,concluida,2026-02-07 10:00:00
V000219,2026-02-08,Garrafa,Casa,Aplicativo,1,49.90,concluida,2026-02-08 10:00:00
V000220,2026-02-09,Fone,Tecnologia,Marketplace,4,159.90,concluida,2026-02-09 10:00:00
V000221,2026-02-10,Caderno,Papelaria,Site,3,24.90,concluida,2026-02-10 10:00:00
V000222,2026-02-11,Fone,Tecnologia,Aplicativo,4,159.90,concluida,2026-02-11 10:00:00
V000223,2026-02-12,Luminaria,Casa,Marketplace,2,89.90,concluida,2026-02-12 10:00:00
V000224,2026-02-13,Caderno,Papelaria,Marketplace,4,24.90,cancelada,2026-02-13 10:00:00
V000225,2026-02-14,Caderno,Papelaria,Aplicativo,1,24.90,concluida,2026-02-14 10:00:00
V000226,2026-02-15,Luminaria,Casa,Aplicativo,3,89.90,concluida,2026-02-15 10:00:00
V000227,2026-02-16,Fone,Tecnologia,Aplicativo,4,159.90,concluida,2026-02-16 10:00:00
V000228,2026-02-17,Luminaria,Casa,Aplicativo,5,89.90,concluida,2026-02-17 10:00:00
V000229,2026-02-18,Luminaria,Casa,Marketplace,5,89.90,concluida,2026-02-18 10:00:00
V000230,2026-02-19,Luminaria,Casa,Site,3,89.90,concluida,2026-02-19 10:00:00
V000231,2026-02-20,Garrafa,Casa,Aplicativo,5,49.90,concluida,2026-02-20 10:00:00
V000232,2026-02-21,Caderno,Papelaria,Aplicativo,3,24.90,concluida,2026-02-21 10:00:00
V000233,2026-02-22,Garrafa,Casa,Site,4,49.90,concluida,2026-02-22 10:00:00
V000234,2026-02-23,Fone,Tecnologia,Aplicativo,5,159.90,concluida,2026-02-23 10:00:00
V000235,2026-02-24,Garrafa,Casa,Aplicativo,3,49.90,concluida,2026-02-24 10:00:00
V000236,2026-02-25,Luminaria,Casa,Marketplace,4,89.90,concluida,2026-02-25 10:00:00
V000237,2026-02-26,Garrafa,Casa,Site,3,49.90,concluida,2026-02-26 10:00:00
V000238,2026-02-27,Garrafa,Casa,Aplicativo,2,49.90,concluida,2026-02-27 10:00:00
V000239,2026-02-28,Caderno,Papelaria,Site,5,24.90,concluida,2026-02-28 10:00:00
V000240,2026-03-01,Fone,Tecnologia,Site,4,159.90,cancelada,2026-03-01 10:00:00
V000241,2026-03-02,Garrafa,Casa,Site,2,49.90,concluida,2026-03-02 10:00:00
V000242,2026-03-03,Luminaria,Casa,Site,4,89.90,concluida,2026-03-03 10:00:00
V000243,2026-03-04,Fone,Tecnologia,Aplicativo,5,159.90,concluida,2026-03-04 10:00:00
V000244,2026-03-05,Caderno,Papelaria,Aplicativo,5,24.90,concluida,2026-03-05 10:00:00
V000245,2026-03-06,Fone,Tecnologia,Marketplace,4,159.90,concluida,2026-03-06 10:00:00
V000246,2026-03-07,Caderno,Papelaria,Marketplace,1,24.90,concluida,2026-03-07 10:00:00
V000247,2026-03-08,Fone,Tecnologia,Site,1,159.90,concluida,2026-03-08 10:00:00
V000248,2026-03-09,Caderno,Papelaria,Marketplace,1,24.90,concluida,2026-03-09 10:00:00
V000249,2026-03-10,Fone,Tecnologia,Site,1,159.90,concluida,2026-03-10 10:00:00
V000250,2026-03-11,Caderno,Papelaria,Aplicativo,3,24.90,concluida,2026-03-11 10:00:00
V000251,2026-03-12,Luminaria,Casa,Site,5,89.90,concluida,2026-03-12 10:00:00
V000252,2026-03-13,Luminaria,Casa,Site,2,89.90,cancelada,2026-03-13 10:00:00
V000253,2026-03-14,Garrafa,Casa,Marketplace,2,49.90,concluida,2026-03-14 10:00:00
V000254,2026-03-15,Luminaria,Casa,Site,4,89.90,concluida,2026-03-15 10:00:00
V000255,2026-03-16,Garrafa,Casa,Aplicativo,1,49.90,concluida,2026-03-16 10:00:00
V000256,2026-03-17,Garrafa,Casa,Aplicativo,5,49.90,concluida,2026-03-17 10:00:00
V000257,2026-03-18,Garrafa,Casa,Aplicativo,5,49.90,concluida,2026-03-18 10:00:00
V000258,2026-03-19,Garrafa,Casa,Marketplace,3,49.90,concluida,2026-03-19 10:00:00
V000259,2026-03-20,Fone,Tecnologia,Site,4,159.90,concluida,2026-03-20 10:00:00
V000260,2026-03-21,Caderno,Papelaria,Site,4,24.90,concluida,2026-03-21 10:00:00
V000261,2026-03-22,Fone,Tecnologia,Marketplace,3,159.90,cancelada,2026-03-22 10:00:00
V000262,2026-03-23,Garrafa,Casa,Aplicativo,1,49.90,concluida,2026-03-23 10:00:00
V000263,2026-03-24,Caderno,Papelaria,Marketplace,4,24.90,concluida,2026-03-24 10:00:00
V000264,2026-03-25,Fone,Tecnologia,Site,5,159.90,concluida,2026-03-25 10:00:00
V000265,2026-03-26,Luminaria,Casa,Marketplace,2,89.90,concluida,2026-03-26 10:00:00
V000266,2026-03-27,Luminaria,Casa,Marketplace,1,89.90,concluida,2026-03-27 10:00:00
V000267,2026-03-28,Caderno,Papelaria,Aplicativo,4,24.90,cancelada,2026-03-28 10:00:00
V000268,2026-03-29,Fone,Tecnologia,Marketplace,2,159.90,cancelada,2026-03-29 10:00:00
V000269,2026-03-30,Fone,Tecnologia,Aplicativo,4,159.90,concluida,2026-03-30 10:00:00
V000270,2026-03-31,Luminaria,Casa,Marketplace,3,89.90,concluida,2026-03-31 10:00:00
V000271,2026-01-01,Fone,Tecnologia,Site,3,159.90,concluida,2026-01-01 10:00:00
V000272,2026-01-02,Garrafa,Casa,Aplicativo,3,49.90,concluida,2026-01-02 10:00:00
V000273,2026-01-03,Garrafa,Casa,Site,2,49.90,concluida,2026-01-03 10:00:00
V000274,2026-01-04,Luminaria,Casa,Marketplace,4,89.90,concluida,2026-01-04 10:00:00
V000275,2026-01-05,Fone,Tecnologia,Site,4,159.90,cancelada,2026-01-05 10:00:00
V000276,2026-01-06,Caderno,Papelaria,Aplicativo,3,24.90,concluida,2026-01-06 10:00:00
V000277,2026-01-07,Fone,Tecnologia,Marketplace,4,159.90,concluida,2026-01-07 10:00:00
V000278,2026-01-08,Fone,Tecnologia,Site,2,159.90,concluida,2026-01-08 10:00:00
V000279,2026-01-09,Fone,Tecnologia,Marketplace,2,159.90,concluida,2026-01-09 10:00:00
V000280,2026-01-10,Garrafa,Casa,Marketplace,3,49.90,concluida,2026-01-10 10:00:00
V000281,2026-01-11,Caderno,Papelaria,Site,1,24.90,concluida,2026-01-11 10:00:00
V000282,2026-01-12,Fone,Tecnologia,Aplicativo,1,159.90,cancelada,2026-01-12 10:00:00
V000283,2026-01-13,Luminaria,Casa,Aplicativo,4,89.90,concluida,2026-01-13 10:00:00
V000284,2026-01-14,Garrafa,Casa,Marketplace,2,49.90,concluida,2026-01-14 10:00:00
V000285,2026-01-15,Caderno,Papelaria,Aplicativo,5,24.90,concluida,2026-01-15 10:00:00
V000286,2026-01-16,Fone,Tecnologia,Site,3,159.90,concluida,2026-01-16 10:00:00
V000287,2026-01-17,Garrafa,Casa,Site,3,49.90,cancelada,2026-01-17 10:00:00
V000288,2026-01-18,Fone,Tecnologia,Marketplace,3,159.90,cancelada,2026-01-18 10:00:00
V000289,2026-01-19,Fone,Tecnologia,Site,1,159.90,concluida,2026-01-19 10:00:00
V000290,2026-01-20,Garrafa,Casa,Site,2,49.90,concluida,2026-01-20 10:00:00
V000291,2026-01-21,Caderno,Papelaria,Site,3,24.90,concluida,2026-01-21 10:00:00
V000292,2026-01-22,Luminaria,Casa,Marketplace,2,89.90,cancelada,2026-01-22 10:00:00
V000293,2026-01-23,Luminaria,Casa,Marketplace,2,89.90,concluida,2026-01-23 10:00:00
V000294,2026-01-24,Luminaria,Casa,Aplicativo,2,89.90,concluida,2026-01-24 10:00:00
V000295,2026-01-25,Caderno,Papelaria,Aplicativo,2,24.90,concluida,2026-01-25 10:00:00
V000296,2026-01-26,Fone,Tecnologia,Site,1,159.90,concluida,2026-01-26 10:00:00
V000297,2026-01-27,Caderno,Papelaria,Site,1,24.90,concluida,2026-01-27 10:00:00
V000298,2026-01-28,Luminaria,Casa,Marketplace,3,89.90,cancelada,2026-01-28 10:00:00
V000299,2026-01-29,Fone,Tecnologia,Site,2,159.90,concluida,2026-01-29 10:00:00
V000300,2026-01-30,Caderno,Papelaria,Marketplace,1,24.90,concluida,2026-01-30 10:00:00
V000301,2026-01-31,Fone,Tecnologia,Marketplace,5,159.90,cancelada,2026-01-31 10:00:00
V000302,2026-02-01,Luminaria,Casa,Marketplace,1,89.90,concluida,2026-02-01 10:00:00
V000303,2026-02-02,Fone,Tecnologia,Aplicativo,1,159.90,cancelada,2026-02-02 10:00:00
V000304,2026-02-03,Garrafa,Casa,Aplicativo,4,49.90,concluida,2026-02-03 10:00:00
V000305,2026-02-04,Garrafa,Casa,Marketplace,4,49.90,cancelada,2026-02-04 10:00:00
V000306,2026-02-05,Caderno,Papelaria,Aplicativo,5,24.90,concluida,2026-02-05 10:00:00
V000307,2026-02-06,Luminaria,Casa,Aplicativo,5,89.90,concluida,2026-02-06 10:00:00
V000308,2026-02-07,Fone,Tecnologia,Aplicativo,5,159.90,concluida,2026-02-07 10:00:00
V000309,2026-02-08,Garrafa,Casa,Marketplace,5,49.90,concluida,2026-02-08 10:00:00
V000310,2026-02-09,Caderno,Papelaria,Marketplace,5,24.90,concluida,2026-02-09 10:00:00
V000311,2026-02-10,Luminaria,Casa,Aplicativo,4,89.90,concluida,2026-02-10 10:00:00
V000312,2026-02-11,Garrafa,Casa,Aplicativo,4,49.90,concluida,2026-02-11 10:00:00
V000313,2026-02-12,Caderno,Papelaria,Aplicativo,4,24.90,concluida,2026-02-12 10:00:00
V000314,2026-02-13,Fone,Tecnologia,Aplicativo,2,159.90,concluida,2026-02-13 10:00:00
V000315,2026-02-14,Garrafa,Casa,Site,1,49.90,concluida,2026-02-14 10:00:00
V000316,2026-02-15,Caderno,Papelaria,Aplicativo,1,24.90,concluida,2026-02-15 10:00:00
V000317,2026-02-16,Fone,Tecnologia,Site,5,159.90,cancelada,2026-02-16 10:00:00
V000318,2026-02-17,Fone,Tecnologia,Marketplace,1,159.90,concluida,2026-02-17 10:00:00
V000319,2026-02-18,Garrafa,Casa,Marketplace,1,49.90,concluida,2026-02-18 10:00:00
V000320,2026-02-19,Fone,Tecnologia,Aplicativo,1,159.90,concluida,2026-02-19 10:00:00
V000321,2026-02-20,Luminaria,Casa,Site,4,89.90,concluida,2026-02-20 10:00:00
V000322,2026-02-21,Caderno,Papelaria,Aplicativo,5,24.90,concluida,2026-02-21 10:00:00
V000323,2026-02-22,Fone,Tecnologia,Marketplace,2,159.90,concluida,2026-02-22 10:00:00
V000324,2026-02-23,Caderno,Papelaria,Marketplace,3,24.90,cancelada,2026-02-23 10:00:00
V000325,2026-02-24,Fone,Tecnologia,Marketplace,3,159.90,concluida,2026-02-24 10:00:00
V000326,2026-02-25,Fone,Tecnologia,Site,2,159.90,concluida,2026-02-25 10:00:00
V000327,2026-02-26,Garrafa,Casa,Site,2,49.90,concluida,2026-02-26 10:00:00
V000328,2026-02-27,Caderno,Papelaria,Site,5,24.90,concluida,2026-02-27 10:00:00
V000329,2026-02-28,Garrafa,Casa,Aplicativo,3,49.90,concluida,2026-02-28 10:00:00
V000330,2026-03-01,Fone,Tecnologia,Marketplace,3,159.90,concluida,2026-03-01 10:00:00
V000331,2026-03-02,Caderno,Papelaria,Site,2,24.90,concluida,2026-03-02 10:00:00
V000332,2026-03-03,Caderno,Papelaria,Marketplace,1,24.90,concluida,2026-03-03 10:00:00
V000333,2026-03-04,Garrafa,Casa,Aplicativo,5,49.90,concluida,2026-03-04 10:00:00
V000334,2026-03-05,Fone,Tecnologia,Site,5,159.90,cancelada,2026-03-05 10:00:00
V000335,2026-03-06,Garrafa,Casa,Site,3,49.90,concluida,2026-03-06 10:00:00
V000336,2026-03-07,Garrafa,Casa,Marketplace,3,49.90,cancelada,2026-03-07 10:00:00
V000337,2026-03-08,Garrafa,Casa,Marketplace,1,49.90,cancelada,2026-03-08 10:00:00
V000338,2026-03-09,Fone,Tecnologia,Site,2,159.90,concluida,2026-03-09 10:00:00
V000339,2026-03-10,Fone,Tecnologia,Aplicativo,1,159.90,cancelada,2026-03-10 10:00:00
V000340,2026-03-11,Garrafa,Casa,Site,2,49.90,concluida,2026-03-11 10:00:00
V000341,2026-03-12,Luminaria,Casa,Marketplace,5,89.90,concluida,2026-03-12 10:00:00
V000342,2026-03-13,Fone,Tecnologia,Site,4,159.90,concluida,2026-03-13 10:00:00
V000343,2026-03-14,Caderno,Papelaria,Aplicativo,1,24.90,concluida,2026-03-14 10:00:00
V000344,2026-03-15,Caderno,Papelaria,Aplicativo,5,24.90,concluida,2026-03-15 10:00:00
V000345,2026-03-16,Garrafa,Casa,Marketplace,4,49.90,concluida,2026-03-16 10:00:00
V000346,2026-03-17,Garrafa,Casa,Site,3,49.90,concluida,2026-03-17 10:00:00
V000347,2026-03-18,Garrafa,Casa,Marketplace,3,49.90,cancelada,2026-03-18 10:00:00
V000348,2026-03-19,Caderno,Papelaria,Site,4,24.90,concluida,2026-03-19 10:00:00
V000349,2026-03-20,Caderno,Papelaria,Aplicativo,3,24.90,concluida,2026-03-20 10:00:00
V000350,2026-03-21,Luminaria,Casa,Aplicativo,2,89.90,cancelada,2026-03-21 10:00:00
V000351,2026-03-22,Caderno,Papelaria,Marketplace,5,24.90,concluida,2026-03-22 10:00:00
V000352,2026-03-23,Fone,Tecnologia,Aplicativo,2,159.90,concluida,2026-03-23 10:00:00
V000353,2026-03-24,Luminaria,Casa,Aplicativo,2,89.90,concluida,2026-03-24 10:00:00
V000354,2026-03-25,Luminaria,Casa,Marketplace,1,89.90,concluida,2026-03-25 10:00:00
V000355,2026-03-26,Garrafa,Casa,Aplicativo,5,49.90,concluida,2026-03-26 10:00:00
V000356,2026-03-27,Garrafa,Casa,Marketplace,5,49.90,concluida,2026-03-27 10:00:00
V000357,2026-03-28,Fone,Tecnologia,Marketplace,3,159.90,concluida,2026-03-28 10:00:00
V000358,2026-03-29,Caderno,Papelaria,Aplicativo,4,24.90,concluida,2026-03-29 10:00:00
V000359,2026-03-30,Fone,Tecnologia,Marketplace,1,159.90,concluida,2026-03-30 10:00:00
V000360,2026-03-31,Caderno,Papelaria,Aplicativo,4,24.90,concluida,2026-03-31 10:00:00
V000361,2026-01-01,Caderno,Papelaria,Aplicativo,3,24.90,cancelada,2026-01-01 10:00:00
V000362,2026-01-02,Caderno,Papelaria,Marketplace,5,24.90,concluida,2026-01-02 10:00:00
V000363,2026-01-03,Garrafa,Casa,Marketplace,5,49.90,concluida,2026-01-03 10:00:00
V000364,2026-01-04,Caderno,Papelaria,Aplicativo,5,24.90,concluida,2026-01-04 10:00:00
V000365,2026-01-05,Fone,Tecnologia,Marketplace,4,159.90,concluida,2026-01-05 10:00:00
V000366,2026-01-06,Caderno,Papelaria,Aplicativo,1,24.90,concluida,2026-01-06 10:00:00
V000367,2026-01-07,Fone,Tecnologia,Marketplace,1,159.90,concluida,2026-01-07 10:00:00
V000368,2026-01-08,Luminaria,Casa,Site,2,89.90,concluida,2026-01-08 10:00:00
V000369,2026-01-09,Garrafa,Casa,Marketplace,5,49.90,concluida,2026-01-09 10:00:00
V000370,2026-01-10,Fone,Tecnologia,Aplicativo,3,159.90,concluida,2026-01-10 10:00:00
V000371,2026-01-11,Fone,Tecnologia,Marketplace,5,159.90,cancelada,2026-01-11 10:00:00
V000372,2026-01-12,Fone,Tecnologia,Site,3,159.90,cancelada,2026-01-12 10:00:00
V000373,2026-01-13,Garrafa,Casa,Aplicativo,3,49.90,concluida,2026-01-13 10:00:00
V000374,2026-01-14,Luminaria,Casa,Aplicativo,1,89.90,concluida,2026-01-14 10:00:00
V000375,2026-01-15,Luminaria,Casa,Aplicativo,3,89.90,concluida,2026-01-15 10:00:00
V000376,2026-01-16,Garrafa,Casa,Site,5,49.90,concluida,2026-01-16 10:00:00
V000377,2026-01-17,Caderno,Papelaria,Aplicativo,5,24.90,concluida,2026-01-17 10:00:00
V000378,2026-01-18,Fone,Tecnologia,Site,5,159.90,cancelada,2026-01-18 10:00:00
V000379,2026-01-19,Garrafa,Casa,Marketplace,3,49.90,cancelada,2026-01-19 10:00:00
V000380,2026-01-20,Fone,Tecnologia,Site,2,159.90,concluida,2026-01-20 10:00:00
V000381,2026-01-21,Garrafa,Casa,Site,2,49.90,concluida,2026-01-21 10:00:00
V000382,2026-01-22,Luminaria,Casa,Site,3,89.90,concluida,2026-01-22 10:00:00
V000383,2026-01-23,Caderno,Papelaria,Marketplace,5,24.90,concluida,2026-01-23 10:00:00
V000384,2026-01-24,Caderno,Papelaria,Marketplace,3,24.90,concluida,2026-01-24 10:00:00
V000385,2026-01-25,Luminaria,Casa,Marketplace,4,89.90,concluida,2026-01-25 10:00:00
V000386,2026-01-26,Luminaria,Casa,Marketplace,5,89.90,concluida,2026-01-26 10:00:00
V000387,2026-01-27,Luminaria,Casa,Marketplace,4,89.90,cancelada,2026-01-27 10:00:00
V000388,2026-01-28,Fone,Tecnologia,Marketplace,2,159.90,concluida,2026-01-28 10:00:00
V000389,2026-01-29,Fone,Tecnologia,Marketplace,4,159.90,concluida,2026-01-29 10:00:00
V000390,2026-01-30,Luminaria,Casa,Aplicativo,4,89.90,concluida,2026-01-30 10:00:00
V000391,2026-01-31,Luminaria,Casa,Aplicativo,5,89.90,concluida,2026-01-31 10:00:00
V000392,2026-02-01,Garrafa,Casa,Aplicativo,4,49.90,concluida,2026-02-01 10:00:00
V000393,2026-02-02,Garrafa,Casa,Site,2,49.90,concluida,2026-02-02 10:00:00
V000394,2026-02-03,Luminaria,Casa,Aplicativo,1,89.90,concluida,2026-02-03 10:00:00
V000395,2026-02-04,Fone,Tecnologia,Marketplace,1,159.90,concluida,2026-02-04 10:00:00
V000396,2026-02-05,Caderno,Papelaria,Aplicativo,1,24.90,concluida,2026-02-05 10:00:00
V000397,2026-02-06,Fone,Tecnologia,Aplicativo,5,159.90,concluida,2026-02-06 10:00:00
V000398,2026-02-07,Garrafa,Casa,Site,2,49.90,concluida,2026-02-07 10:00:00
V000399,2026-02-08,Fone,Tecnologia,Site,4,159.90,cancelada,2026-02-08 10:00:00
V000400,2026-02-09,Fone,Tecnologia,Site,4,159.90,concluida,2026-02-09 10:00:00
V000401,2026-02-10,Fone,Tecnologia,Site,1,159.90,concluida,2026-02-10 10:00:00
V000402,2026-02-11,Caderno,Papelaria,Marketplace,3,24.90,concluida,2026-02-11 10:00:00
V000403,2026-02-12,Luminaria,Casa,Site,3,89.90,concluida,2026-02-12 10:00:00
V000404,2026-02-13,Garrafa,Casa,Marketplace,2,49.90,concluida,2026-02-13 10:00:00
V000405,2026-02-14,Garrafa,Casa,Aplicativo,5,49.90,cancelada,2026-02-14 10:00:00
V000406,2026-02-15,Caderno,Papelaria,Site,3,24.90,concluida,2026-02-15 10:00:00
V000407,2026-02-16,Luminaria,Casa,Marketplace,5,89.90,concluida,2026-02-16 10:00:00
V000408,2026-02-17,Caderno,Papelaria,Aplicativo,2,24.90,concluida,2026-02-17 10:00:00
V000409,2026-02-18,Caderno,Papelaria,Site,4,24.90,concluida,2026-02-18 10:00:00
V000410,2026-02-19,Garrafa,Casa,Site,1,49.90,concluida,2026-02-19 10:00:00
V000411,2026-02-20,Garrafa,Casa,Marketplace,5,49.90,cancelada,2026-02-20 10:00:00
V000412,2026-02-21,Luminaria,Casa,Marketplace,2,89.90,concluida,2026-02-21 10:00:00
V000413,2026-02-22,Caderno,Papelaria,Marketplace,3,24.90,concluida,2026-02-22 10:00:00
V000414,2026-02-23,Garrafa,Casa,Site,1,49.90,concluida,2026-02-23 10:00:00
V000415,2026-02-24,Fone,Tecnologia,Site,5,159.90,concluida,2026-02-24 10:00:00
V000416,2026-02-25,Caderno,Papelaria,Aplicativo,4,24.90,cancelada,2026-02-25 10:00:00
V000417,2026-02-26,Garrafa,Casa,Aplicativo,3,49.90,concluida,2026-02-26 10:00:00
V000418,2026-02-27,Fone,Tecnologia,Site,3,159.90,concluida,2026-02-27 10:00:00
V000419,2026-02-28,Caderno,Papelaria,Marketplace,3,24.90,concluida,2026-02-28 10:00:00
V000420,2026-03-01,Fone,Tecnologia,Marketplace,3,159.90,concluida,2026-03-01 10:00:00
V000421,2026-03-02,Luminaria,Casa,Marketplace,4,89.90,concluida,2026-03-02 10:00:00
V000422,2026-03-03,Garrafa,Casa,Marketplace,2,49.90,concluida,2026-03-03 10:00:00
V000423,2026-03-04,Caderno,Papelaria,Marketplace,4,24.90,cancelada,2026-03-04 10:00:00
V000424,2026-03-05,Luminaria,Casa,Site,2,89.90,concluida,2026-03-05 10:00:00
V000425,2026-03-06,Fone,Tecnologia,Aplicativo,5,159.90,concluida,2026-03-06 10:00:00
V000426,2026-03-07,Garrafa,Casa,Aplicativo,1,49.90,concluida,2026-03-07 10:00:00
V000427,2026-03-08,Luminaria,Casa,Aplicativo,3,89.90,concluida,2026-03-08 10:00:00
V000428,2026-03-09,Caderno,Papelaria,Marketplace,3,24.90,concluida,2026-03-09 10:00:00
V000429,2026-03-10,Fone,Tecnologia,Aplicativo,4,159.90,concluida,2026-03-10 10:00:00
V000430,2026-03-11,Garrafa,Casa,Aplicativo,2,49.90,concluida,2026-03-11 10:00:00
V000431,2026-03-12,Garrafa,Casa,Aplicativo,5,49.90,concluida,2026-03-12 10:00:00
V000432,2026-03-13,Caderno,Papelaria,Marketplace,4,24.90,cancelada,2026-03-13 10:00:00
V000433,2026-03-14,Luminaria,Casa,Marketplace,3,89.90,concluida,2026-03-14 10:00:00
V000434,2026-03-15,Caderno,Papelaria,Aplicativo,3,24.90,concluida,2026-03-15 10:00:00
V000435,2026-03-16,Garrafa,Casa,Site,4,49.90,concluida,2026-03-16 10:00:00
V000436,2026-03-17,Caderno,Papelaria,Marketplace,3,24.90,concluida,2026-03-17 10:00:00
V000437,2026-03-18,Garrafa,Casa,Aplicativo,1,49.90,cancelada,2026-03-18 10:00:00
V000438,2026-03-19,Garrafa,Casa,Aplicativo,5,49.90,concluida,2026-03-19 10:00:00
V000439,2026-03-20,Luminaria,Casa,Site,2,89.90,concluida,2026-03-20 10:00:00
V000440,2026-03-21,Garrafa,Casa,Site,2,49.90,cancelada,2026-03-21 10:00:00
V000441,2026-03-22,Fone,Tecnologia,Aplicativo,4,159.90,concluida,2026-03-22 10:00:00
V000442,2026-03-23,Caderno,Papelaria,Marketplace,2,24.90,concluida,2026-03-23 10:00:00
V000443,2026-03-24,Fone,Tecnologia,Aplicativo,4,159.90,concluida,2026-03-24 10:00:00
V000444,2026-03-25,Luminaria,Casa,Marketplace,3,89.90,concluida,2026-03-25 10:00:00
V000445,2026-03-26,Fone,Tecnologia,Site,1,159.90,cancelada,2026-03-26 10:00:00
V000446,2026-03-27,Luminaria,Casa,Aplicativo,5,89.90,concluida,2026-03-27 10:00:00
V000447,2026-03-28,Caderno,Papelaria,Aplicativo,3,24.90,concluida,2026-03-28 10:00:00
V000448,2026-03-29,Luminaria,Casa,Marketplace,3,89.90,concluida,2026-03-29 10:00:00
V000449,2026-03-30,Garrafa,Casa,Site,1,49.90,concluida,2026-03-30 10:00:00
V000450,2026-03-31,Caderno,Papelaria,Aplicativo,2,24.90,concluida,2026-03-31 10:00:00
V000451,2026-01-01,Garrafa,Casa,Site,3,49.90,concluida,2026-01-01 10:00:00
V000452,2026-01-02,Caderno,Papelaria,Marketplace,5,24.90,concluida,2026-01-02 10:00:00
V000453,2026-01-03,Fone,Tecnologia,Site,2,159.90,concluida,2026-01-03 10:00:00
V000454,2026-01-04,Luminaria,Casa,Site,2,89.90,concluida,2026-01-04 10:00:00
V000455,2026-01-05,Luminaria,Casa,Aplicativo,1,89.90,concluida,2026-01-05 10:00:00
V000456,2026-01-06,Fone,Tecnologia,Aplicativo,5,159.90,concluida,2026-01-06 10:00:00
V000457,2026-01-07,Caderno,Papelaria,Site,3,24.90,concluida,2026-01-07 10:00:00
V000458,2026-01-08,Garrafa,Casa,Marketplace,4,49.90,concluida,2026-01-08 10:00:00
V000459,2026-01-09,Caderno,Papelaria,Site,3,24.90,concluida,2026-01-09 10:00:00
V000460,2026-01-10,Garrafa,Casa,Aplicativo,5,49.90,concluida,2026-01-10 10:00:00
V000461,2026-01-11,Luminaria,Casa,Site,4,89.90,concluida,2026-01-11 10:00:00
V000462,2026-01-12,Caderno,Papelaria,Site,5,24.90,concluida,2026-01-12 10:00:00
V000463,2026-01-13,Luminaria,Casa,Site,3,89.90,concluida,2026-01-13 10:00:00
V000464,2026-01-14,Luminaria,Casa,Aplicativo,5,89.90,concluida,2026-01-14 10:00:00
V000465,2026-01-15,Caderno,Papelaria,Aplicativo,2,24.90,concluida,2026-01-15 10:00:00
V000466,2026-01-16,Fone,Tecnologia,Site,3,159.90,concluida,2026-01-16 10:00:00
V000467,2026-01-17,Caderno,Papelaria,Marketplace,2,24.90,concluida,2026-01-17 10:00:00
V000468,2026-01-18,Luminaria,Casa,Site,5,89.90,concluida,2026-01-18 10:00:00
V000469,2026-01-19,Fone,Tecnologia,Marketplace,1,159.90,concluida,2026-01-19 10:00:00
V000470,2026-01-20,Caderno,Papelaria,Site,1,24.90,concluida,2026-01-20 10:00:00
V000471,2026-01-21,Fone,Tecnologia,Marketplace,2,159.90,concluida,2026-01-21 10:00:00
V000472,2026-01-22,Garrafa,Casa,Marketplace,1,49.90,concluida,2026-01-22 10:00:00
V000473,2026-01-23,Fone,Tecnologia,Marketplace,3,159.90,concluida,2026-01-23 10:00:00
V000474,2026-01-24,Garrafa,Casa,Aplicativo,4,49.90,cancelada,2026-01-24 10:00:00
V000475,2026-01-25,Caderno,Papelaria,Site,4,24.90,concluida,2026-01-25 10:00:00
V000476,2026-01-26,Garrafa,Casa,Site,3,49.90,concluida,2026-01-26 10:00:00
V000477,2026-01-27,Fone,Tecnologia,Marketplace,3,159.90,concluida,2026-01-27 10:00:00
V000478,2026-01-28,Fone,Tecnologia,Aplicativo,2,159.90,concluida,2026-01-28 10:00:00
V000479,2026-01-29,Caderno,Papelaria,Aplicativo,2,24.90,concluida,2026-01-29 10:00:00
V000480,2026-01-30,Fone,Tecnologia,Aplicativo,2,159.90,concluida,2026-01-30 10:00:00
V000481,2026-01-31,Caderno,Papelaria,Aplicativo,4,24.90,concluida,2026-01-31 10:00:00
V000482,2026-02-01,Garrafa,Casa,Site,2,49.90,concluida,2026-02-01 10:00:00
V000483,2026-02-02,Fone,Tecnologia,Site,2,159.90,concluida,2026-02-02 10:00:00
V000484,2026-02-03,Garrafa,Casa,Aplicativo,3,49.90,concluida,2026-02-03 10:00:00
V000485,2026-02-04,Caderno,Papelaria,Aplicativo,5,24.90,concluida,2026-02-04 10:00:00
V000486,2026-02-05,Luminaria,Casa,Site,5,89.90,concluida,2026-02-05 10:00:00
V000487,2026-02-06,Caderno,Papelaria,Aplicativo,4,24.90,concluida,2026-02-06 10:00:00
V000488,2026-02-07,Garrafa,Casa,Aplicativo,5,49.90,cancelada,2026-02-07 10:00:00
V000489,2026-02-08,Caderno,Papelaria,Aplicativo,2,24.90,concluida,2026-02-08 10:00:00
V000490,2026-02-09,Fone,Tecnologia,Aplicativo,3,159.90,cancelada,2026-02-09 10:00:00
V000491,2026-02-10,Caderno,Papelaria,Marketplace,5,24.90,concluida,2026-02-10 10:00:00
V000492,2026-02-11,Fone,Tecnologia,Site,4,159.90,concluida,2026-02-11 10:00:00
V000493,2026-02-12,Fone,Tecnologia,Marketplace,5,159.90,cancelada,2026-02-12 10:00:00
V000494,2026-02-13,Caderno,Papelaria,Aplicativo,3,24.90,concluida,2026-02-13 10:00:00
V000495,2026-02-14,Fone,Tecnologia,Marketplace,3,159.90,concluida,2026-02-14 10:00:00
V000496,2026-02-15,Luminaria,Casa,Marketplace,5,89.90,concluida,2026-02-15 10:00:00
V000497,2026-02-16,Caderno,Papelaria,Site,1,24.90,concluida,2026-02-16 10:00:00
V000498,2026-02-17,Fone,Tecnologia,Aplicativo,5,159.90,concluida,2026-02-17 10:00:00
V000499,2026-02-18,Luminaria,Casa,Aplicativo,5,89.90,concluida,2026-02-18 10:00:00
V000500,2026-02-19,Garrafa,Casa,Marketplace,3,49.90,concluida,2026-02-19 10:00:00
V000501,2026-02-20,Garrafa,Casa,Marketplace,5,49.90,concluida,2026-02-20 10:00:00
V000502,2026-02-21,Caderno,Papelaria,Aplicativo,3,24.90,concluida,2026-02-21 10:00:00
V000503,2026-02-22,Garrafa,Casa,Marketplace,3,49.90,concluida,2026-02-22 10:00:00
V000504,2026-02-23,Caderno,Papelaria,Marketplace,4,24.90,concluida,2026-02-23 10:00:00
V000505,2026-02-24,Luminaria,Casa,Marketplace,1,89.90,concluida,2026-02-24 10:00:00
V000506,2026-02-25,Luminaria,Casa,Marketplace,5,89.90,concluida,2026-02-25 10:00:00
V000507,2026-02-26,Garrafa,Casa,Site,2,49.90,cancelada,2026-02-26 10:00:00
V000508,2026-02-27,Caderno,Papelaria,Site,1,24.90,concluida,2026-02-27 10:00:00
V000509,2026-02-28,Garrafa,Casa,Site,4,49.90,concluida,2026-02-28 10:00:00
V000510,2026-03-01,Garrafa,Casa,Marketplace,5,49.90,concluida,2026-03-01 10:00:00
V000511,2026-03-02,Caderno,Papelaria,Marketplace,2,24.90,concluida,2026-03-02 10:00:00
V000512,2026-03-03,Fone,Tecnologia,Marketplace,4,159.90,concluida,2026-03-03 10:00:00
V000513,2026-03-04,Fone,Tecnologia,Site,4,159.90,concluida,2026-03-04 10:00:00
V000514,2026-03-05,Fone,Tecnologia,Marketplace,3,159.90,concluida,2026-03-05 10:00:00
V000515,2026-03-06,Fone,Tecnologia,Marketplace,4,159.90,concluida,2026-03-06 10:00:00
V000516,2026-03-07,Luminaria,Casa,Aplicativo,5,89.90,concluida,2026-03-07 10:00:00
V000517,2026-03-08,Fone,Tecnologia,Aplicativo,2,159.90,concluida,2026-03-08 10:00:00
V000518,2026-03-09,Garrafa,Casa,Aplicativo,4,49.90,concluida,2026-03-09 10:00:00
V000519,2026-03-10,Fone,Tecnologia,Aplicativo,1,159.90,concluida,2026-03-10 10:00:00
V000520,2026-03-11,Garrafa,Casa,Aplicativo,3,49.90,concluida,2026-03-11 10:00:00
V000521,2026-03-12,Luminaria,Casa,Aplicativo,1,89.90,concluida,2026-03-12 10:00:00
V000522,2026-03-13,Caderno,Papelaria,Aplicativo,4,24.90,concluida,2026-03-13 10:00:00
V000523,2026-03-14,Garrafa,Casa,Site,2,49.90,concluida,2026-03-14 10:00:00
V000524,2026-03-15,Fone,Tecnologia,Marketplace,3,159.90,concluida,2026-03-15 10:00:00
V000525,2026-03-16,Luminaria,Casa,Site,1,89.90,concluida,2026-03-16 10:00:00
V000526,2026-03-17,Luminaria,Casa,Marketplace,2,89.90,cancelada,2026-03-17 10:00:00
V000527,2026-03-18,Garrafa,Casa,Aplicativo,4,49.90,cancelada,2026-03-18 10:00:00
V000528,2026-03-19,Luminaria,Casa,Site,5,89.90,concluida,2026-03-19 10:00:00
V000529,2026-03-20,Luminaria,Casa,Aplicativo,4,89.90,concluida,2026-03-20 10:00:00
V000530,2026-03-21,Luminaria,Casa,Aplicativo,3,89.90,concluida,2026-03-21 10:00:00
V000531,2026-03-22,Caderno,Papelaria,Site,5,24.90,concluida,2026-03-22 10:00:00
V000532,2026-03-23,Caderno,Papelaria,Site,4,24.90,concluida,2026-03-23 10:00:00
V000533,2026-03-24,Luminaria,Casa,Site,4,89.90,concluida,2026-03-24 10:00:00
V000534,2026-03-25,Luminaria,Casa,Marketplace,3,89.90,concluida,2026-03-25 10:00:00
V000535,2026-03-26,Caderno,Papelaria,Aplicativo,5,24.90,concluida,2026-03-26 10:00:00
V000536,2026-03-27,Fone,Tecnologia,Aplicativo,4,159.90,concluida,2026-03-27 10:00:00
V000537,2026-03-28,Garrafa,Casa,Site,5,49.90,concluida,2026-03-28 10:00:00
V000538,2026-03-29,Luminaria,Casa,Site,3,89.90,concluida,2026-03-29 10:00:00
V000539,2026-03-30,Garrafa,Casa,Marketplace,3,49.90,concluida,2026-03-30 10:00:00
V000540,2026-03-31,Caderno,Papelaria,Marketplace,3,24.90,concluida,2026-03-31 10:00:00
V000541,2026-01-01,Luminaria,Casa,Site,5,89.90,concluida,2026-01-01 10:00:00
V000542,2026-01-02,Garrafa,Casa,Aplicativo,5,49.90,concluida,2026-01-02 10:00:00
V000543,2026-01-03,Garrafa,Casa,Marketplace,1,49.90,concluida,2026-01-03 10:00:00
V000544,2026-01-04,Luminaria,Casa,Aplicativo,3,89.90,concluida,2026-01-04 10:00:00
V000545,2026-01-05,Caderno,Papelaria,Aplicativo,4,24.90,concluida,2026-01-05 10:00:00
V000546,2026-01-06,Fone,Tecnologia,Aplicativo,3,159.90,concluida,2026-01-06 10:00:00
V000547,2026-01-07,Caderno,Papelaria,Aplicativo,3,24.90,concluida,2026-01-07 10:00:00
V000548,2026-01-08,Caderno,Papelaria,Marketplace,1,24.90,concluida,2026-01-08 10:00:00
V000549,2026-01-09,Luminaria,Casa,Aplicativo,5,89.90,concluida,2026-01-09 10:00:00
V000550,2026-01-10,Fone,Tecnologia,Marketplace,1,159.90,concluida,2026-01-10 10:00:00
V000551,2026-01-11,Fone,Tecnologia,Aplicativo,5,159.90,concluida,2026-01-11 10:00:00
V000552,2026-01-12,Luminaria,Casa,Aplicativo,2,89.90,concluida,2026-01-12 10:00:00
V000553,2026-01-13,Fone,Tecnologia,Aplicativo,5,159.90,concluida,2026-01-13 10:00:00
V000554,2026-01-14,Luminaria,Casa,Site,5,89.90,concluida,2026-01-14 10:00:00
V000555,2026-01-15,Caderno,Papelaria,Marketplace,4,24.90,concluida,2026-01-15 10:00:00
V000556,2026-01-16,Fone,Tecnologia,Site,5,159.90,cancelada,2026-01-16 10:00:00
V000557,2026-01-17,Luminaria,Casa,Marketplace,5,89.90,concluida,2026-01-17 10:00:00
V000558,2026-01-18,Fone,Tecnologia,Marketplace,4,159.90,cancelada,2026-01-18 10:00:00
V000559,2026-01-19,Luminaria,Casa,Marketplace,5,89.90,concluida,2026-01-19 10:00:00
V000560,2026-01-20,Garrafa,Casa,Site,4,49.90,concluida,2026-01-20 10:00:00
V000561,2026-01-21,Garrafa,Casa,Aplicativo,5,49.90,cancelada,2026-01-21 10:00:00
V000562,2026-01-22,Garrafa,Casa,Marketplace,3,49.90,concluida,2026-01-22 10:00:00
V000563,2026-01-23,Garrafa,Casa,Aplicativo,1,49.90,concluida,2026-01-23 10:00:00
V000564,2026-01-24,Caderno,Papelaria,Site,4,24.90,concluida,2026-01-24 10:00:00
V000565,2026-01-25,Caderno,Papelaria,Marketplace,1,24.90,concluida,2026-01-25 10:00:00
V000566,2026-01-26,Caderno,Papelaria,Aplicativo,1,24.90,concluida,2026-01-26 10:00:00
V000567,2026-01-27,Luminaria,Casa,Site,4,89.90,concluida,2026-01-27 10:00:00
V000568,2026-01-28,Garrafa,Casa,Aplicativo,4,49.90,concluida,2026-01-28 10:00:00
V000569,2026-01-29,Luminaria,Casa,Marketplace,3,89.90,cancelada,2026-01-29 10:00:00
V000570,2026-01-30,Garrafa,Casa,Marketplace,2,49.90,concluida,2026-01-30 10:00:00
V000571,2026-01-31,Luminaria,Casa,Site,1,89.90,concluida,2026-01-31 10:00:00
V000572,2026-02-01,Garrafa,Casa,Marketplace,5,49.90,concluida,2026-02-01 10:00:00
V000573,2026-02-02,Garrafa,Casa,Site,2,49.90,concluida,2026-02-02 10:00:00
V000574,2026-02-03,Luminaria,Casa,Aplicativo,2,89.90,concluida,2026-02-03 10:00:00
V000575,2026-02-04,Caderno,Papelaria,Site,4,24.90,concluida,2026-02-04 10:00:00
V000576,2026-02-05,Caderno,Papelaria,Site,2,24.90,cancelada,2026-02-05 10:00:00
V000577,2026-02-06,Caderno,Papelaria,Aplicativo,5,24.90,concluida,2026-02-06 10:00:00
V000578,2026-02-07,Caderno,Papelaria,Site,1,24.90,concluida,2026-02-07 10:00:00
V000579,2026-02-08,Luminaria,Casa,Marketplace,2,89.90,concluida,2026-02-08 10:00:00
V000580,2026-02-09,Caderno,Papelaria,Site,5,24.90,concluida,2026-02-09 10:00:00
V000581,2026-02-10,Luminaria,Casa,Marketplace,5,89.90,concluida,2026-02-10 10:00:00
V000582,2026-02-11,Fone,Tecnologia,Site,3,159.90,concluida,2026-02-11 10:00:00
V000583,2026-02-12,Luminaria,Casa,Aplicativo,3,89.90,concluida,2026-02-12 10:00:00
V000584,2026-02-13,Luminaria,Casa,Marketplace,4,89.90,concluida,2026-02-13 10:00:00
V000585,2026-02-14,Caderno,Papelaria,Aplicativo,4,24.90,concluida,2026-02-14 10:00:00
V000586,2026-02-15,Fone,Tecnologia,Marketplace,4,159.90,concluida,2026-02-15 10:00:00
V000587,2026-02-16,Fone,Tecnologia,Aplicativo,2,159.90,concluida,2026-02-16 10:00:00
V000588,2026-02-17,Garrafa,Casa,Site,2,49.90,concluida,2026-02-17 10:00:00
V000589,2026-02-18,Luminaria,Casa,Aplicativo,1,89.90,concluida,2026-02-18 10:00:00
V000590,2026-02-19,Garrafa,Casa,Marketplace,5,49.90,concluida,2026-02-19 10:00:00
V000591,2026-02-20,Luminaria,Casa,Aplicativo,2,89.90,concluida,2026-02-20 10:00:00
V000592,2026-02-21,Caderno,Papelaria,Aplicativo,3,24.90,cancelada,2026-02-21 10:00:00
V000593,2026-02-22,Luminaria,Casa,Site,3,89.90,concluida,2026-02-22 10:00:00
V000594,2026-02-23,Caderno,Papelaria,Site,2,24.90,concluida,2026-02-23 10:00:00
V000595,2026-02-24,Luminaria,Casa,Aplicativo,2,89.90,concluida,2026-02-24 10:00:00
V000596,2026-02-25,Fone,Tecnologia,Aplicativo,1,159.90,concluida,2026-02-25 10:00:00
V000597,2026-02-26,Luminaria,Casa,Marketplace,1,89.90,concluida,2026-02-26 10:00:00
V000598,2026-02-27,Garrafa,Casa,Site,5,49.90,concluida,2026-02-27 10:00:00
V000599,2026-02-28,Garrafa,Casa,Site,5,49.90,concluida,2026-02-28 10:00:00
V000600,2026-03-01,Fone,Tecnologia,Aplicativo,4,159.90,concluida,2026-03-01 10:00:00
V000601,2026-03-02,Fone,Tecnologia,Aplicativo,3,159.90,concluida,2026-03-02 10:00:00
V000602,2026-03-03,Garrafa,Casa,Aplicativo,1,49.90,concluida,2026-03-03 10:00:00
V000603,2026-03-04,Garrafa,Casa,Aplicativo,2,49.90,concluida,2026-03-04 10:00:00
V000604,2026-03-05,Garrafa,Casa,Site,5,49.90,concluida,2026-03-05 10:00:00
V000605,2026-03-06,Luminaria,Casa,Site,3,89.90,concluida,2026-03-06 10:00:00
V000606,2026-03-07,Garrafa,Casa,Aplicativo,2,49.90,concluida,2026-03-07 10:00:00
V000607,2026-03-08,Luminaria,Casa,Aplicativo,5,89.90,concluida,2026-03-08 10:00:00
V000608,2026-03-09,Garrafa,Casa,Marketplace,3,49.90,concluida,2026-03-09 10:00:00
V000609,2026-03-10,Garrafa,Casa,Marketplace,4,49.90,concluida,2026-03-10 10:00:00
V000610,2026-03-11,Fone,Tecnologia,Site,2,159.90,concluida,2026-03-11 10:00:00
V000611,2026-03-12,Garrafa,Casa,Site,5,49.90,concluida,2026-03-12 10:00:00
V000612,2026-03-13,Caderno,Papelaria,Marketplace,1,24.90,concluida,2026-03-13 10:00:00
V000613,2026-03-14,Caderno,Papelaria,Marketplace,1,24.90,concluida,2026-03-14 10:00:00
V000614,2026-03-15,Garrafa,Casa,Site,2,49.90,cancelada,2026-03-15 10:00:00
V000615,2026-03-16,Luminaria,Casa,Site,2,89.90,concluida,2026-03-16 10:00:00
V000616,2026-03-17,Fone,Tecnologia,Site,5,159.90,concluida,2026-03-17 10:00:00
V000617,2026-03-18,Garrafa,Casa,Marketplace,4,49.90,cancelada,2026-03-18 10:00:00
V000618,2026-03-19,Garrafa,Casa,Site,1,49.90,concluida,2026-03-19 10:00:00
V000619,2026-03-20,Fone,Tecnologia,Marketplace,3,159.90,cancelada,2026-03-20 10:00:00
V000620,2026-03-21,Garrafa,Casa,Site,1,49.90,concluida,2026-03-21 10:00:00
V000621,2026-03-22,Luminaria,Casa,Site,2,89.90,concluida,2026-03-22 10:00:00
V000622,2026-03-23,Fone,Tecnologia,Aplicativo,3,159.90,concluida,2026-03-23 10:00:00
V000623,2026-03-24,Caderno,Papelaria,Aplicativo,4,24.90,concluida,2026-03-24 10:00:00
V000624,2026-03-25,Luminaria,Casa,Marketplace,2,89.90,concluida,2026-03-25 10:00:00
V000625,2026-03-26,Caderno,Papelaria,Marketplace,1,24.90,cancelada,2026-03-26 10:00:00
V000626,2026-03-27,Garrafa,Casa,Aplicativo,5,49.90,concluida,2026-03-27 10:00:00
V000627,2026-03-28,Caderno,Papelaria,Marketplace,2,24.90,cancelada,2026-03-28 10:00:00
V000628,2026-03-29,Garrafa,Casa,Marketplace,3,49.90,concluida,2026-03-29 10:00:00
V000629,2026-03-30,Caderno,Papelaria,Marketplace,1,24.90,concluida,2026-03-30 10:00:00
V000630,2026-03-31,Garrafa,Casa,Aplicativo,1,49.90,concluida,2026-03-31 10:00:00
V000631,2026-01-01,Fone,Tecnologia,Marketplace,5,159.90,concluida,2026-01-01 10:00:00
V000632,2026-01-02,Luminaria,Casa,Aplicativo,1,89.90,concluida,2026-01-02 10:00:00
V000633,2026-01-03,Luminaria,Casa,Marketplace,4,89.90,concluida,2026-01-03 10:00:00
V000634,2026-01-04,Fone,Tecnologia,Site,5,159.90,concluida,2026-01-04 10:00:00
V000635,2026-01-05,Garrafa,Casa,Marketplace,5,49.90,concluida,2026-01-05 10:00:00
V000636,2026-01-06,Luminaria,Casa,Marketplace,1,89.90,concluida,2026-01-06 10:00:00
V000637,2026-01-07,Fone,Tecnologia,Site,1,159.90,concluida,2026-01-07 10:00:00
V000638,2026-01-08,Caderno,Papelaria,Aplicativo,5,24.90,concluida,2026-01-08 10:00:00
V000639,2026-01-09,Garrafa,Casa,Aplicativo,1,49.90,concluida,2026-01-09 10:00:00
V000640,2026-01-10,Garrafa,Casa,Aplicativo,2,49.90,concluida,2026-01-10 10:00:00
V000641,2026-01-11,Garrafa,Casa,Aplicativo,2,49.90,concluida,2026-01-11 10:00:00
V000642,2026-01-12,Garrafa,Casa,Site,5,49.90,concluida,2026-01-12 10:00:00
V000643,2026-01-13,Luminaria,Casa,Marketplace,1,89.90,cancelada,2026-01-13 10:00:00
V000644,2026-01-14,Luminaria,Casa,Aplicativo,2,89.90,concluida,2026-01-14 10:00:00
V000645,2026-01-15,Fone,Tecnologia,Aplicativo,1,159.90,cancelada,2026-01-15 10:00:00
V000646,2026-01-16,Fone,Tecnologia,Aplicativo,3,159.90,concluida,2026-01-16 10:00:00
V000647,2026-01-17,Caderno,Papelaria,Site,1,24.90,concluida,2026-01-17 10:00:00
V000648,2026-01-18,Garrafa,Casa,Marketplace,5,49.90,concluida,2026-01-18 10:00:00
V000649,2026-01-19,Caderno,Papelaria,Site,1,24.90,concluida,2026-01-19 10:00:00
V000650,2026-01-20,Caderno,Papelaria,Marketplace,5,24.90,concluida,2026-01-20 10:00:00
V000651,2026-01-21,Garrafa,Casa,Site,3,49.90,concluida,2026-01-21 10:00:00
V000652,2026-01-22,Caderno,Papelaria,Marketplace,5,24.90,concluida,2026-01-22 10:00:00
V000653,2026-01-23,Luminaria,Casa,Marketplace,5,89.90,concluida,2026-01-23 10:00:00
V000654,2026-01-24,Garrafa,Casa,Site,2,49.90,concluida,2026-01-24 10:00:00
V000655,2026-01-25,Fone,Tecnologia,Aplicativo,2,159.90,cancelada,2026-01-25 10:00:00
V000656,2026-01-26,Garrafa,Casa,Aplicativo,4,49.90,concluida,2026-01-26 10:00:00
V000657,2026-01-27,Caderno,Papelaria,Aplicativo,3,24.90,concluida,2026-01-27 10:00:00
V000658,2026-01-28,Garrafa,Casa,Marketplace,5,49.90,concluida,2026-01-28 10:00:00
V000659,2026-01-29,Caderno,Papelaria,Site,3,24.90,cancelada,2026-01-29 10:00:00
V000660,2026-01-30,Garrafa,Casa,Aplicativo,5,49.90,concluida,2026-01-30 10:00:00
V000661,2026-01-31,Fone,Tecnologia,Aplicativo,3,159.90,concluida,2026-01-31 10:00:00
V000662,2026-02-01,Luminaria,Casa,Aplicativo,3,89.90,concluida,2026-02-01 10:00:00
V000663,2026-02-02,Luminaria,Casa,Aplicativo,3,89.90,concluida,2026-02-02 10:00:00
V000664,2026-02-03,Garrafa,Casa,Aplicativo,3,49.90,concluida,2026-02-03 10:00:00
V000665,2026-02-04,Garrafa,Casa,Marketplace,2,49.90,concluida,2026-02-04 10:00:00
V000666,2026-02-05,Fone,Tecnologia,Aplicativo,3,159.90,cancelada,2026-02-05 10:00:00
V000667,2026-02-06,Luminaria,Casa,Marketplace,5,89.90,concluida,2026-02-06 10:00:00
V000668,2026-02-07,Caderno,Papelaria,Marketplace,4,24.90,concluida,2026-02-07 10:00:00
V000669,2026-02-08,Luminaria,Casa,Aplicativo,3,89.90,concluida,2026-02-08 10:00:00
V000670,2026-02-09,Caderno,Papelaria,Aplicativo,4,24.90,concluida,2026-02-09 10:00:00
V000671,2026-02-10,Fone,Tecnologia,Site,3,159.90,concluida,2026-02-10 10:00:00
V000672,2026-02-11,Garrafa,Casa,Aplicativo,1,49.90,concluida,2026-02-11 10:00:00
V000673,2026-02-12,Garrafa,Casa,Marketplace,4,49.90,concluida,2026-02-12 10:00:00
V000674,2026-02-13,Garrafa,Casa,Marketplace,1,49.90,concluida,2026-02-13 10:00:00
V000675,2026-02-14,Fone,Tecnologia,Marketplace,5,159.90,concluida,2026-02-14 10:00:00
V000676,2026-02-15,Caderno,Papelaria,Site,2,24.90,concluida,2026-02-15 10:00:00
V000677,2026-02-16,Fone,Tecnologia,Site,5,159.90,cancelada,2026-02-16 10:00:00
V000678,2026-02-17,Garrafa,Casa,Aplicativo,4,49.90,cancelada,2026-02-17 10:00:00
V000679,2026-02-18,Caderno,Papelaria,Aplicativo,2,24.90,concluida,2026-02-18 10:00:00
V000680,2026-02-19,Luminaria,Casa,Aplicativo,3,89.90,concluida,2026-02-19 10:00:00
V000681,2026-02-20,Luminaria,Casa,Aplicativo,1,89.90,concluida,2026-02-20 10:00:00
V000682,2026-02-21,Fone,Tecnologia,Aplicativo,1,159.90,cancelada,2026-02-21 10:00:00
V000683,2026-02-22,Luminaria,Casa,Aplicativo,3,89.90,concluida,2026-02-22 10:00:00
V000684,2026-02-23,Luminaria,Casa,Marketplace,4,89.90,concluida,2026-02-23 10:00:00
V000685,2026-02-24,Caderno,Papelaria,Aplicativo,4,24.90,concluida,2026-02-24 10:00:00
V000686,2026-02-25,Fone,Tecnologia,Site,1,159.90,cancelada,2026-02-25 10:00:00
V000687,2026-02-26,Fone,Tecnologia,Marketplace,1,159.90,concluida,2026-02-26 10:00:00
V000688,2026-02-27,Luminaria,Casa,Marketplace,2,89.90,concluida,2026-02-27 10:00:00
V000689,2026-02-28,Luminaria,Casa,Aplicativo,5,89.90,concluida,2026-02-28 10:00:00
V000690,2026-03-01,Garrafa,Casa,Site,4,49.90,concluida,2026-03-01 10:00:00
V000691,2026-03-02,Luminaria,Casa,Marketplace,4,89.90,concluida,2026-03-02 10:00:00
V000692,2026-03-03,Luminaria,Casa,Aplicativo,5,89.90,concluida,2026-03-03 10:00:00
V000693,2026-03-04,Caderno,Papelaria,Marketplace,2,24.90,concluida,2026-03-04 10:00:00
V000694,2026-03-05,Caderno,Papelaria,Marketplace,1,24.90,concluida,2026-03-05 10:00:00
V000695,2026-03-06,Luminaria,Casa,Aplicativo,3,89.90,concluida,2026-03-06 10:00:00
V000696,2026-03-07,Caderno,Papelaria,Aplicativo,4,24.90,concluida,2026-03-07 10:00:00
V000697,2026-03-08,Fone,Tecnologia,Marketplace,4,159.90,concluida,2026-03-08 10:00:00
V000698,2026-03-09,Caderno,Papelaria,Aplicativo,3,24.90,concluida,2026-03-09 10:00:00
V000699,2026-03-10,Luminaria,Casa,Marketplace,3,89.90,concluida,2026-03-10 10:00:00
V000700,2026-03-11,Caderno,Papelaria,Marketplace,2,24.90,concluida,2026-03-11 10:00:00
V000701,2026-03-12,Luminaria,Casa,Aplicativo,1,89.90,concluida,2026-03-12 10:00:00
V000702,2026-03-13,Luminaria,Casa,Marketplace,4,89.90,concluida,2026-03-13 10:00:00
V000703,2026-03-14,Luminaria,Casa,Marketplace,4,89.90,concluida,2026-03-14 10:00:00
V000704,2026-03-15,Garrafa,Casa,Marketplace,5,49.90,concluida,2026-03-15 10:00:00
V000705,2026-03-16,Luminaria,Casa,Marketplace,2,89.90,concluida,2026-03-16 10:00:00
V000706,2026-03-17,Luminaria,Casa,Site,3,89.90,concluida,2026-03-17 10:00:00
V000707,2026-03-18,Caderno,Papelaria,Aplicativo,1,24.90,concluida,2026-03-18 10:00:00
V000708,2026-03-19,Luminaria,Casa,Aplicativo,5,89.90,concluida,2026-03-19 10:00:00
V000709,2026-03-20,Garrafa,Casa,Aplicativo,4,49.90,concluida,2026-03-20 10:00:00
V000710,2026-03-21,Garrafa,Casa,Aplicativo,2,49.90,cancelada,2026-03-21 10:00:00
V000711,2026-03-22,Caderno,Papelaria,Site,3,24.90,cancelada,2026-03-22 10:00:00
V000712,2026-03-23,Luminaria,Casa,Marketplace,3,89.90,concluida,2026-03-23 10:00:00
V000713,2026-03-24,Garrafa,Casa,Marketplace,4,49.90,concluida,2026-03-24 10:00:00
V000714,2026-03-25,Caderno,Papelaria,Marketplace,1,24.90,concluida,2026-03-25 10:00:00
V000715,2026-03-26,Fone,Tecnologia,Marketplace,1,159.90,concluida,2026-03-26 10:00:00
V000716,2026-03-27,Garrafa,Casa,Marketplace,2,49.90,concluida,2026-03-27 10:00:00
V000717,2026-03-28,Caderno,Papelaria,Marketplace,2,24.90,concluida,2026-03-28 10:00:00
V000718,2026-03-29,Caderno,Papelaria,Aplicativo,3,24.90,concluida,2026-03-29 10:00:00
V000719,2026-03-30,Caderno,Papelaria,Aplicativo,1,24.90,concluida,2026-03-30 10:00:00
V000720,2026-03-31,Luminaria,Casa,Site,5,89.90,concluida,2026-03-31 10:00:00
V000001,2026-01-01,Caderno,Papelaria,Site,4,24.90,concluida,2026-04-01 12:00:00
X000001,2026-02-30,Luminaria,Casa,Marketplace,1,89.90,concluida,2026-01-02 10:00:00
X000002,2026-01-02,Luminaria,Casa,Marketplace,0,89.90,concluida,2026-01-02 10:00:00
X000003,2026-01-02,Luminaria,Casa,Marketplace,1,-9.90,concluida,2026-01-02 10:00:00
X000004,2026-01-02,,Casa,Marketplace,1,89.90,concluida,2026-01-02 10:00:00
X000005,2026-01-02,Luminaria,Casa,Marketplace,1,89.90,desconhecida,2026-01-02 10:00:00
,2026-01-02,Luminaria,Casa,Marketplace,1,89.90,concluida,2026-01-02 10:00:00
